source,word,n
official,household,104
official,graze,103
official,benefit,63
Independent,land,54
official,plan,54
official,livestock,49
official,increase,46
official,survey,45
official,woman,37
official,social,35
official,stakeholder,35
official,activity,34
Independent,graze,31
Independent,provide,31
official,baseline,30
official,impact,29
Independent,livestock,27
Independent,fund,25
Independent,benefit,23
Independent,resource,23
official,provide,23
Independent,conflict,22
Independent,market,22
official,committee,22
official,period,22
official,water,22
Independent,county,21
official,agreement,21
Independent,agreement,20
Independent,local,20
official,datum,20
official,meeting,20
official,monitor,20
Independent,conservation,19
official,climate,19
official,milk,19
official,result,19
official,revenue,19
Independent,pastoralist,18
official,comms,18
official,proportion,18
Independent,act,17
Independent,climate,17
official,include,17
official,poor,17
Independent,merti,16
Independent,revenue,16
Independent,validator,16
Independent,wildlife,16
official,change,16
official,scenario,16
Independent,document,15
Independent,sell,15
Independent,soil,15
official,effort,15
official,information,15
Independent,follow,14
Independent,information,14
Independent,pastoral,14
official,conduct,14
official,improve,14
official,income,14
official,positive,14
official,response,14
official,security,14
official,soil,14
Independent,activity,13
Independent,cattle,13
Independent,change,13
Independent,legal,13
Independent,time,13
official,coordinator,13
official,drought,13
official,forage,13
official,herder,13
official,identify,13
official,key,13
official,month,13
official,question,13
official,share,13
official,time,13
Independent,board,12
Independent,indigenous,12
Independent,issue,12
Independent,participate,12
official,cattle,12
official,chairman,12
official,circle,12
official,land,12
official,participate,12
official,people,12
official,season,12
Independent,access,11
Independent,accord,11
Independent,isiolo,11
Independent,livelihood,11
Independent,note,11
Independent,process,11
official,communicate,11
official,expect,11
official,focus,11
official,follow,11
official,grass,11
official,head,11
official,hold,11
official,implementation,11
official,multiple,11
official,net,11
official,past,11
Independent,address,10
Independent,animal,10
Independent,claim,10
Independent,consultation,10
Independent,date,10
Independent,establish,10
Independent,evidence,10
Independent,herder,10
Independent,include,10
Independent,international,10
Independent,nrts,10
Independent,people,10
Independent,period,10
Independent,samburu,10
Independent,traditional,10
official,condition,10
official,extend,10
official,form,10
official,indicator,10
official,interview,10
official,manager,10
official,numb,10
official,previous,10
official,reduce,10
official,represent,10
official,spin-dry,10
Independent,consent,9
Independent,distribute,9
Independent,due,9
Independent,environmental,9
Independent,implement,9
Independent,inform,9
Independent,law,9
Independent,management,9
Independent,share,9
Independent,social,9
Independent,trade,9
official,access,9
official,ccb,9
official,continue,9
official,demonstrate,9
official,discuss,9
official,encroachment,9
official,experience,9
official,governance,9
official,helpful,9
official,low,9
official,management,9
official,public,9
official,regional,9
official,size,9
official,support,9
official,wellbeing,9
Independent,drought,8
Independent,informant,8
Independent,lead,8
Independent,ownership,8
Independent,plan,8
Independent,private,8
Independent,protect,8
Independent,provision,8
Independent,public,8
Independent,receive,8
Independent,rule,8
Independent,sale,8
Independent,sustainable,8
official,adaptation,8
official,annual,8
official,base,8
official,choose,8
official,compare,8
official,development,8
official,due,8
official,feedback,8
official,implement,8
official,informant,8
official,meet,8
official,occur,8
official,perceive,8
official,precipitation,8
official,review,8
official,rotational,8
official,sign,8
official,variability,8
official,village,8
Independent,affect,7
Independent,announcement,7
Independent,comment,7
Independent,control,7
Independent,economic,7
Independent,establishment,7
Independent,ethnic,7
Independent,form,7
Independent,free,7
Independent,gun,7
Independent,limit,7
Independent,manage,7
Independent,meeting,7
Independent,osman,7
Independent,policy,7
Independent,prior,7
Independent,proponent,7
Independent,question,7
Independent,refer,7
Independent,require,7
Independent,september,7
Independent,site,7
Independent,start,7
Independent,system,7
Independent,understand,7
Independent,vers,7
Independent,village,7
official,announcement,7
official,drink,7
official,education,7
official,exceptional,7
official,mechanism,7
official,post,7
official,sample,7
official,stage,7
Independent,approve,6
Independent,cost,6
Independent,court,6
Independent,development,6
Independent,exist,6
Independent,financial,6
Independent,focus,6
Independent,impact,6
Independent,increase,6
Independent,initiative,6
Independent,intensify,6
Independent,interview,6
Independent,involve,6
Independent,letter,6
Independent,level,6
Independent,natural,6
Independent,north,6
Independent,organization,6
Independent,pasture,6
Independent,police,6
Independent,price,6
Independent,promote,6
Independent,ranch,6
Independent,region,6
Independent,rotational,6
Independent,sign,6
Independent,support,6
Independent,town,6
Independent,validation,6
official,board,6
official,card,6
official,decrease,6
official,develop,6
official,dry,6
official,effect,6
official,employ,6
official,family,6
official,frequency,6
official,health,6
official,history,6
official,market,6
official,mitigation,6
official,negative,6
official,ownership,6
official,participation,6
official,quality,6
official,rainfall,6
official,relative,6
official,representative,6
official,select,6
official,september,6
official,sick,6
official,socialcomms,6
official,specific,6
official,stand,6
official,suggest,6
official,train,6
official,trend,6
official,understand,6
official,wealth,6
official,write,6
Independent,add,5
Independent,arm,5
Independent,associate,5
Independent,basis,5
Independent,begin,5
Independent,bill,5
Independent,call,5
Independent,cash,5
Independent,challenge,5
Independent,complete,5
Independent,confer,5
Independent,contract,5
Independent,day,5
Independent,define,5
Independent,deny,5
Independent,develop,5
Independent,elder,5
Independent,expect,5
Independent,explain,5
Independent,file,5
Independent,generate,5
Independent,government,5
Independent,gross,5
Independent,half,5
Independent,idea,5
Independent,individual,5
Independent,investment,5
Independent,kenyas,5
Independent,kill,5
Independent,lakole,5
Independent,low,5
Independent,million,5
Independent,mohamed,5
Independent,money,5
Independent,national,5
Independent,obtain,5
Independent,operation,5
Independent,photo,5
Independent,plain,5
Independent,pose,5
Independent,practice,5
Independent,priority,5
Independent,program,5
Independent,programme,5
Independent,recent,5
Independent,relate,5
Independent,representative,5
Independent,rest,5
Independent,result,5
Independent,set,5
Independent,verification,5
official,ability,5
official,addition,5
official,additional,5
official,anticipate,5
official,approve,5
official,availability,5
official,bank,5
official,child,5
official,conflict,5
official,cover,5
official,design,5
official,employment,5
official,establish,5
official,ethnic,5
official,food,5
official,gather,5
official,importance,5
official,improvement,5
official,individual,5
official,issue,5
official,link,5
official,livelihood,5
official,majority,5
official,manage,5
official,marginalize,5
official,october,5
official,owner,5
official,pastoralist,5
official,personnel,5
official,practice,5
official,realize,5
official,risk,5
official,sale,5
official,sell,5
official,stay,5
official,vulnerable,5
official,wet,5
Independent,agendum,4
Independent,air,4
Independent,april,4
Independent,attempt,4
Independent,base,4
Independent,borana,4
Independent,bring,4
Independent,buy,4
Independent,cherab,4
Independent,colonial,4
Independent,committee,4
Independent,compliance,4
Independent,continue,4
Independent,convert,4
Independent,country,4
Independent,critical,4
Independent,datum,4
Independent,demonstrate,4
Independent,determine,4
Independent,emission,4
Independent,emphasis,4
Independent,environment,4
Independent,exacerbate,4
Independent,facilitate,4
Independent,feel,4
Independent,galgalo,4
Independent,generation,4
Independent,global,4
Independent,governance,4
Independent,hand,4
Independent,hold,4
Independent,influence,4
Independent,intent,4
Independent,item,4
Independent,knowledge,4
Independent,laikipia,4
Independent,language,4
Independent,late,4
Independent,lie,4
Independent,manager,4
Independent,mechanism,4
Independent,meet,4
Independent,monitor,4
Independent,offer,4
Independent,official,4
Independent,owner,4
Independent,participation,4
Independent,partner,4
Independent,past,4
Independent,pay,4
Independent,picture,4
Independent,post,4
Independent,potential,4
Independent,reality,4
Independent,reduction,4
Independent,register,4
Independent,regulation,4
Independent,represent,4
Independent,request,4
Independent,resident,4
Independent,resourcebased,4
Independent,restriction,4
Independent,rustle,4
Independent,significant,4
Independent,solution,4
Independent,stamp,4
Independent,standard,4
Independent,survival,4
Independent,suspension,4
Independent,transparency,4
Independent,undertake,4
Independent,warden,4
Independent,water,4
official,adapt,4
official,adult,4
official,andor,4
official,build,4
official,capacity,4
official,chairperson,4
official,class,4
official,collect,4
official,color,4
official,compliance,4
official,conservancys,4
official,consistent,4
official,create,4
official,determine,4
official,distribution,4
official,dramatic,4
official,ensure,4
official,evidence,4
official,facilitate,4
official,forest,4
official,frequently,4
official,future,4
official,generate,4
official,goat,4
official,home,4
official,illness,4
official,incidence,4
official,influence,4
official,landscape,4
official,language,4
official,layer,4
official,leakage,4
official,legal,4
official,limit,4
official,local,4
official,longterm,4
official,mathews,4
official,movement,4
official,offproject,4
official,opinion,4
official,organic,4
official,overwhelmingly,4
official,principal,4
official,prior,4
official,process,4
official,propose,4
official,retention,4
official,shallow,4
official,spend,4
official,staff,4
official,start,4
official,structure,4
official,substantial,4
official,sufficient,4
official,surface,4
official,system,4
official,triangle,4
official,tropical,4
official,uncertainty,4
official,variable,4
official,vegetation,4
official,versus,4
official,vvb,4
official,website,4
official,withinproject,4
Independent,ability,3
Independent,accept,3
Independent,accountability,3
Independent,achieve,3
Independent,action,3
Independent,actor,3
Independent,agent,3
Independent,agree,3
Independent,allegedly,3
Independent,apply,3
Independent,approach,3
Independent,assembly,3
Independent,assessment,3
Independent,assume,3
Independent,authorize,3
Independent,baseline,3
Independent,beneficiary,3
Independent,biodiversity,3
Independent,boundary,3
Independent,build,3
Independent,care,3
Independent,cease,3
Independent,chairman,3
Independent,chari,3
Independent,communicate,3
Independent,competition,3
Independent,completely,3
Independent,concern,3
Independent,constitute,3
Independent,copy,3
Independent,create,3
Independent,death,3
Independent,decision,3
Independent,depend,3
Independent,describe,3
Independent,distribution,3
Independent,dogogicha,3
Independent,donor,3
Independent,double,3
Independent,easement,3
Independent,effort,3
Independent,election,3
Independent,elite,3
Independent,enable,3
Independent,entire,3
Independent,evidently,3
Independent,expansion,3
Independent,fail,3
Independent,family,3
Independent,fear,3
Independent,february,3
Independent,finally,3
Independent,forest,3
Independent,formal,3
Independent,frontier,3
Independent,frustration,3
Independent,fundamental,3
Independent,gain,3
Independent,georeferenced,3
Independent,goal,3
Independent,herd,3
Independent,implementation,3
Independent,improve,3
Independent,income,3
Independent,inequality,3
Independent,inside,3
Independent,intention,3
Independent,intervention,3
Independent,invasion,3
Independent,january,3
Independent,ksh,3
Independent,lack,3
Independent,landscape,3
Independent,lay,3
Independent,leave,3
Independent,live,3
Independent,loss,3
Independent,lurk,3
Independent,marginalization,3
Independent,marsabit,3
Independent,month,3
Independent,morning,3
Independent,nature,3
Independent,nfd,3
Independent,obligation,3
Independent,october,3
Independent,operate,3
Independent,outcome,3
Independent,party,3
Independent,pattern,3
Independent,pejeta,3
Independent,perceive,3
Independent,perform,3
Independent,photograph,3
Independent,pressure,3
Independent,principle,3
Independent,profit,3
Independent,prolong,3
Independent,prove,3
Independent,purpose,3
Independent,putative,3
Independent,raid,3
Independent,reach,3
Independent,recently,3
Independent,red,3
Independent,regime,3
Independent,remain,3
Independent,removal,3
Independent,repeal,3
Independent,reply,3
Independent,reportedly,3
Independent,response,3
Independent,review,3
Independent,risk,3
Independent,rivalry,3
Independent,road,3
Independent,rokicha,3
Independent,role,3
Independent,scarcity,3
Independent,scheme,3
Independent,security,3
Independent,select,3
Independent,sequestration,3
Independent,similar,3
Independent,sit,3
Independent,source,3
Independent,special,3
Independent,stakeholder,3
Independent,status,3
Independent,stem,3
Independent,submit,3
Independent,survey,3
Independent,sustainability,3
Independent,target,3
Independent,ten,3
Independent,term,3
Independent,total,3
Independent,tree,3
Independent,twothirds,3
Independent,uncertainty,3
Independent,undermine,3
Independent,urgent,3
Independent,valid,3
Independent,variability,3
Independent,vehicle,3
Independent,verify,3
Independent,violation,3
Independent,violence,3
Independent,violent,3
Independent,visit,3
Independent,website,3
official,accompany,3
official,accord,3
official,advocate,3
official,aim,3
official,allocation,3
official,aspect,3
official,assessment,3
official,begin,3
official,briefing,3
official,capital,3
official,category,3
official,chair,3
official,consensus,3
official,coordinate,3
official,day,3
official,decline,3
official,degradation,3
official,discussion,3
official,distribute,3
official,draft,3
official,enhance,3
official,estimate,3
official,exercise,3
official,financial,3
official,formation,3
official,frame,3
official,insider,3
official,involve,3
official,kalama,3
official,kiswahili,3
official,leader,3
official,level,3
official,melako,3
official,minute,3
official,note,3
official,participant,3
official,perception,3
official,pia,3
official,professional,3
official,raise,3
official,rank,3
official,rapid,3
official,recently,3
official,recovery,3
official,relationship,3
official,resource,3
official,respective,3
official,send,3
official,set,3
official,significant,3
official,similar,3
official,special,3
official,strong,3
official,subsequent,3
official,summary,3
official,surveyor,3
official,sustainable,3
official,text,3
official,total,3
official,translate,3
official,undertake,3
official,validate,3
official,voluntary,3
official,wide,3
official,widespread,3
official,wildlife,3
official,yesterday,3
official,zone,3
Independent,abdi,2
Independent,abdirahman,2
Independent,account,2
Independent,accrue,2
Independent,accuse,2
Independent,acquire,2
Independent,additionally,2
Independent,adult,2
Independent,alliance,2
Independent,amb,2
Independent,amount,2
Independent,annex,2
Independent,applicable,2
Independent,arrangement,2
Independent,assign,2
Independent,aster,2
Independent,beautifully,2
Independent,beef,2
Independent,behaviour,2
Independent,biliqobulesa,2
Independent,bind,2
Independent,blame,2
Independent,block,2
Independent,boru,2
Independent,branch,2
Independent,burial,2
Independent,bursary,2
Independent,business,2
Independent,capacity,2
Independent,capitalist,2
Independent,carbonrelated,2
Independent,carry,2
Independent,cbcs,2
Independent,certify,2
Independent,chair,2
Independent,chairperson,2
Independent,channel,2
Independent,child,2
Independent,cite,2
Independent,close,2
Independent,closely,2
Independent,commissioner,2
Independent,commitment,2
Independent,commodification,2
Independent,communitybased,2
Independent,complicate,2
Independent,concept,2
Independent,conclude,2
Independent,condition,2
Independent,conduct,2
Independent,conference,2
Independent,confident,2
Independent,consequence,2
Independent,constitution,2
Independent,content,2
Independent,coordinator,2
Independent,cop,2
Independent,cope,2
Independent,core,2
Independent,council,2
Independent,cover,2
Independent,criminal,2
Independent,cultural,2
Independent,culture,2
Independent,customary,2
Independent,deal,2
Independent,decide,2
Independent,decisionmaking,2
Independent,deem,2
Independent,delay,2
Independent,delineate,2
Independent,devolution,2
Independent,didnt,2
Independent,direct,2
Independent,directly,2
Independent,dirt,2
Independent,discretion,2
Independent,discuss,2
Independent,distributable,2
Independent,doubleedged,2
Independent,doubt,2
Independent,duly,2
Independent,dynamic,2
Independent,earn,2
Independent,east,2
Independent,ecosystem,2
Independent,effect,2
Independent,elect,2
Independent,employment,2
Independent,empower,2
Independent,enact,2
Independent,energy,2
Independent,engage,2
Independent,ensure,2
Independent,enter,2
Independent,escalate,2
Independent,event,2
Independent,evident,2
Independent,evite,2
Independent,excess,2
Independent,exclusion,2
Independent,expansive,2
Independent,exploitation,2
Independent,exposure,2
Independent,express,2
Independent,extent,2
Independent,facilitation,2
Independent,fauna,2
Independent,fee,2
Independent,fence,2
Independent,fight,2
Independent,finance,2
Independent,finding,2
Independent,flee,2
Independent,flora,2
Independent,foot,2
Independent,forage,2
Independent,fouryear,2
Independent,framework,2
Independent,frequently,2
Independent,fresh,2
Independent,front,2
Independent,future,2
Independent,goat,2
Independent,gouge,2
Independent,govern,2
Independent,grab,2
Independent,grant,2
Independent,grapple,2
Independent,grave,2
Independent,graveyard,2
Independent,guarantee,2
Independent,gunshot,2
Independent,head,2
Independent,heap,2
Independent,hear,2
Independent,historical,2
Independent,historically,2
Independent,hope,2
Independent,house,2
Independent,household,2
Independent,impose,2
Independent,impossible,2
Independent,inference,2
Independent,inhabit,2
Independent,intend,2
Independent,interviewee,2
Independent,invasive,2
Independent,investor,2
Independent,involvement,2
Independent,issuance,2
Independent,join,2
Independent,june,2
Independent,kilo,2
Independent,kilometer,2
Independent,leader,2
Independent,legally,2
Independent,legislation,2
Independent,length,2
Independent,lens,2
Independent,lethal,2
Independent,leverage,2
Independent,link,2
Independent,livestocktomarket,2
Independent,location,2
Independent,lodge,2
Independent,longterm,2
Independent,loser,2
Independent,lush,2
Independent,main,2
Independent,maintain,2
Independent,major,2
Independent,map,2
Independent,march,2
Independent,methodology,2
Independent,mistrust,2
Independent,mitigate,2
Independent,mobility,2
Independent,motivate,2
Independent,move,2
Independent,multiple,2
Independent,native,2
Independent,neglect,2
Independent,netflix,2
Independent,network,2
Independent,newly,2
Independent,ngo,2
Independent,nomadic,2
Independent,numb,2
Independent,occupy,2
Independent,occur,2
Independent,oppose,2
Independent,organize,2
Independent,pamphlet,2
Independent,payment,2
Independent,peace,2
Independent,peacebuilding,2
Independent,person,2
Independent,political,2
Independent,pool,2
Independent,poor,2
Independent,portion,2
Independent,position,2
Independent,possibly,2
Independent,postcolonial,2
Independent,potentially,2
Independent,power,2
Independent,preliminary,2
Independent,preserve,2
Independent,president,2
Independent,procedural,2
Independent,promise,2
Independent,properly,2
Independent,proposal,2
Independent,propose,2
Independent,protection,2
Independent,publish,2
Independent,push,2
Independent,raider,2
Independent,ranger,2
Independent,recognize,2
Independent,record,2
Independent,recover,2
Independent,reduce,2
Independent,reflect,2
Independent,regard,2
Independent,registration,2
Independent,reject,2
Independent,relation,2
Independent,relative,2
Independent,relevant,2
Independent,remainder,2
Independent,remove,2
Independent,repeat,2
Independent,reservist,2
Independent,resolution,2
Independent,respective,2
Independent,restrict,2
Independent,rob,2
Independent,roba,2
Independent,ruthless,2
Independent,seek,2
Independent,sentiment,2
Independent,serve,2
Independent,service,2
Independent,shibia,2
Independent,shrink,2
Independent,sideline,2
Independent,sidestep,2
Independent,simply,2
Independent,sister,2
Independent,situation,2
Independent,slaughter,2
Independent,somalia,2
Independent,south,2
Independent,specifically,2
Independent,spend,2
Independent,spike,2
Independent,split,2
Independent,spread,2
Independent,staff,2
Independent,stand,2
Independent,stock,2
Independent,store,2
Independent,stress,2
Independent,strong,2
Independent,structure,2
Independent,subcounty,2
Independent,subject,2
Independent,substantial,2
Independent,success,2
Independent,summary,2
Independent,swamp,2
Independent,thirtyyearold,2
Independent,thorn,2
Independent,tool,2
Independent,tourism,2
Independent,tourist,2
Independent,transaction,2
Independent,transition,2
Independent,undisputed,2
Independent,unencumbered,2
Independent,unspecified,2
Independent,usd,2
Independent,utilize,2
Independent,vast,2
Independent,view,2
Independent,villager,2
Independent,violate,2
Independent,vulnerability,2
Independent,vulnerable,2
Independent,ward,2
Independent,warrant,2
Independent,warrior,2
Independent,wide,2
Independent,woman,2
Independent,word,2
Independent,world,2
Independent,worsen,2
Independent,worth,2
Independent,wouldnt,2
Independent,youth,2
Independent,zara,2
Independent,zone,2
official,acceptance,2
official,accommodate,2
official,action,2
official,advent,2
official,advice,2
official,affect,2
official,agm,2
official,aid,2
official,alternative,2
official,analyze,2
official,answer,2
official,application,2
official,apply,2
official,assignment,2
official,associate,2
official,assume,2
official,attend,2
official,august,2
official,avoid,2
official,await,2
official,barrier,2
official,belowaverage,2
official,biodiversity,2
official,biomass,2
official,boundary,2
official,bring,2
official,cell,2
official,centre,2
official,chase,2
official,choice,2
official,circumstance,2
official,close,2
official,cohesion,2
official,comment,2
official,communication,2
official,concern,2
official,consecutive,2
official,consent,2
official,considerable,2
official,continuance,2
official,continuously,2
official,cope,2
official,copy,2
official,cost,2
official,countywide,2
official,criterion,2
official,cultural,2
official,current,2
official,cut,2
official,date,2
official,decide,2
official,defense,2
official,delay,2
official,deliver,2
official,dependence,2
official,describe,2
official,detail,2
official,diagram,2
official,difference,2
official,dispute,2
official,document,2
official,download,2
official,ease,2
official,easy,2
official,economic,2
official,edge,2
official,elder,2
official,elect,2
official,email,2
official,emphasize,2
official,employee,2
official,enforcement,2
official,english,2
official,error,2
official,essentially,2
official,establishment,2
official,evident,2
official,expectation,2
official,express,2
official,famine,2
official,fatality,2
official,feature,2
official,feed,2
official,female,2
official,femaleled,2
official,fews,2
official,finally,2
official,flipchart,2
official,forestry,2
official,fund,2
official,game,2
official,generation,2
official,goal,2
official,green,2
official,guidance,2
official,hardpan,2
official,headquarter,2
official,healthcare,2
official,hearing,2
official,hedge,2
official,herd,2
official,heterogeneity,2
official,highly,2
official,hope,2
official,host,2
official,hoursday,2
official,httpearlywarningusgsgovfews,2
official,httpnrtkenyaorg,2
official,httpwwwmetreadingacuk,2
official,human,2
official,idea,2
official,inclusive,2
official,induce,2
official,infiltration,2
official,initial,2
official,insufficient,2
official,integrity,2
official,intend,2
official,intensify,2
official,intensity,2
official,intent,2
official,interestingly,2
official,internal,2
official,introduce,2
official,invitation,2
official,jessica,2
official,join,2
official,judge,2
official,june,2
official,largescale,2
official,late,2
official,length,2
official,letter,2
official,line,2
official,live,2
official,location,2
official,longerterm,2
official,main,2
official,maintain,2
official,matriarch,2
official,matter,2
official,measure,2
official,menled,2
official,meteorology,2
official,metric,2
official,migratory,2
official,minority,2
official,mission,2
official,mitigate,2
official,model,2
official,moisture,2
official,morani,2
official,musengezi,2
official,naibunga,2
official,nakupratgotu,2
official,nature,2
official,negotiate,2
official,ngwesi,2
official,normal,2
official,occurrence,2
official,offsite,2
official,ongoing,2
official,onset,2
official,opportunity,2
official,optional,2
official,organize,2
official,outgrowth,2
official,outsider,2
official,oversight,2
official,pamphlet,2
official,pass,2
official,perennial,2
official,permanent,2
official,permit,2
official,persist,2
official,pertain,2
official,phone,2
official,population,2
official,positivity,2
official,potential,2
official,potentially,2
official,poverty,2
official,prediction,2
official,pressure,2
official,prevent,2
official,procedure,2
official,product,2
official,production,2
official,productivity,2
official,profor,2
official,program,2
official,quarterly,2
official,ranch,2
official,randomly,2
official,reading,2
official,realtime,2
official,rebuild,2
official,recent,2
official,reduction,2
official,reflect,2
official,region,2
official,relate,2
official,reluctance,2
official,remain,2
official,repository,2
official,reproduction,2
official,requirement,2
official,resolve,2
official,respondent,2
official,restore,2
official,reuslts,2
official,role,2
official,rotation,2
official,satellite,2
official,savanna,2
official,scientist,2
official,scout,2
official,seasonsyears,2
official,segment,2
official,severe,2
official,sheep,2
official,shift,2
official,shortterm,2
official,shrink,2
official,sickness,2
official,significantly,2
official,site,2
official,smallholder,2
official,socialize,2
official,socioeconomics,2
official,solicitation,2
official,spatial,2
official,spatially,2
official,speak,2
official,standard,2
official,stick,2
official,stream,2
official,strikingly,2
official,subsequently,2
official,supervisor,2
official,supply,2
official,sustainably,2
official,swahili,2
official,tamsat,2
official,tamsatdata,2
official,task,2
official,team,2
official,temporal,2
official,temporally,2
official,term,2
official,tnc,2
official,track,2
official,tradition,2
official,traditional,2
official,type,2
official,typically,2
official,uncertain,2
official,underrepresent,2
official,university,2
official,usdausaid,2
official,vast,2
official,vcm,2
official,verbally,2
official,verifiedissuing,2
official,waiver,2
official,warm,2
official,warn,2
official,weather,2
official,womenled,2
official,workshop,2
official,worsen,2
official,yearround,2
official,zonal,2
Independent,abandon,1
Independent,abrupt,1
Independent,absence,1
Independent,abstract,1
Independent,abundance,1
Independent,abundant,1
Independent,accordance,1
Independent,accountable,1
Independent,accrual,1
Independent,accumulate,1
Independent,achievement,1
Independent,acknowledge,1
Independent,acled,1
Independent,acre,1
Independent,actual,1
Independent,adano,1
Independent,addition,1
Independent,additional,1
Independent,additionality,1
Independent,adequate,1
Independent,adirt,1
Independent,administer,1
Independent,administration,1
Independent,advocacy,1
Independent,advocate,1
Independent,afarlivestock,1
Independent,affirm,1
Independent,afford,1
Independent,africa,1
Independent,agency,1
Independent,ali,1
Independent,alienation,1
Independent,allalong,1
Independent,allege,1
Independent,allude,1
Independent,alter,1
Independent,ambiguous,1
Independent,ambush,1
Independent,amidst,1
Independent,amplify,1
Independent,analyze,1
Independent,ancestral,1
Independent,anger,1
Independent,annual,1
Independent,anonymously,1
Independent,apparently,1
Independent,appeal,1
Independent,appropriation,1
Independent,approval,1
Independent,approx,1
Independent,aptly,1
Independent,argue,1
Independent,argument,1
Independent,arise,1
Independent,article,1
Independent,aspect,1
Independent,aspiration,1
Independent,assertion,1
Independent,asset,1
Independent,assist,1
Independent,atmosphere,1
Independent,attack,1
Independent,attacker,1
Independent,attract,1
Independent,audit,1
Independent,auditor,1
Independent,author,1
Independent,authority,1
Independent,avoidance,1
Independent,await,1
Independent,award,1
Independent,aware,1
Independent,bad,1
Independent,barely,1
Independent,barrier,1
Independent,basic,1
Independent,battle,1
Independent,behalf,1
Independent,behalfthe,1
Independent,belowthe,1
Independent,beneath,1
Independent,bersaglio,1
Independent,bid,1
Independent,biliqobulesaunder,1
Independent,black,1
Independent,blatant,1
Independent,blog,1
Independent,blood,1
Independent,body,1
Independent,boranas,1
Independent,borderland,1
Independent,borehole,1
Independent,boundarymaking,1
Independent,box,1
Independent,brazil,1
Independent,breed,1
Independent,bride,1
Independent,british,1
Independent,broad,1
Independent,buleresture,1
Independent,burn,1
Independent,butchery,1
Independent,bylaw,1
Independent,calm,1
Independent,candidate,1
Independent,capital,1
Independent,capitalistdriven,1
Independent,carbonthe,1
Independent,careful,1
Independent,caroline,1
Independent,carpet,1
Independent,category,1
Independent,catholic,1
Independent,ccba,1
Independent,central,1
Independent,certifier,1
Independent,chance,1
Independent,chaos,1
Independent,characterize,1
Independent,chat,1
Independent,chiefwhat,1
Independent,choice,1
Independent,choicefigure,1
Independent,choke,1
Independent,church,1
Independent,clarification,1
Independent,clarify,1
Independent,clause,1
Independent,cliff,1
Independent,climateinduced,1
Independent,climaterelated,1
Independent,closure,1
Independent,collective,1
Independent,colonialism,1
Independent,combat,1
Independent,combine,1
Independent,commencement,1
Independent,commercialization,1
Independent,commercialize,1
Independent,commodity,1
Independent,common,1
Independent,communal,1
Independent,communally,1
Independent,communication,1
Independent,communityledthe,1
Independent,communitymoreover,1
Independent,communityowned,1
Independent,company,1
Independent,complex,1
Independent,component,1
Independent,comprise,1
Independent,condemn,1
Independent,confirm,1
Independent,confusion,1
Independent,conserve,1
Independent,consideration,1
Independent,consistently,1
Independent,consult,1
Independent,consultancy,1
Independent,consultative,1
Independent,contest,1
Independent,contestations,1
Independent,context,1
Independent,continuation,1
Independent,continuous,1
Independent,contribute,1
Independent,convince,1
Independent,cooperation,1
Independent,coowners,1
Independent,correlation,1
Independent,corridor,1
Independent,corruption,1
Independent,counsell,1
Independent,creditsnorthern,1
Independent,criterion,1
Independent,critic,1
Independent,crucial,1
Independent,crucially,1
Independent,cry,1
Independent,culturally,1
Independent,current,1
Independent,dark,1
Independent,dateup,1
Independent,ddocument,1
Independent,deadly,1
Independent,decade,1
Independent,decadethey,1
Independent,dedha,1
Independent,deep,1
Independent,definition,1
Independent,delimit,1
Independent,deliverable,1
Independent,demand,1
Independent,democratic,1
Independent,democratically,1
Independent,demonize,1
Independent,dependency,1
Independent,depletion,1
Independent,deploy,1
Independent,deployment,1
Independent,design,1
Independent,desperate,1
Independent,destroy,1
Independent,devoid,1
Independent,devolve,1
Independent,die,1
Independent,difficult,1
Independent,dilemma,1
Independent,diligence,1
Independent,dioxide,1
Independent,dire,1
Independent,director,1
Independent,dirtyblood,1
Independent,disappear,1
Independent,disappoint,1
Independent,disassociate,1
Independent,disclose,1
Independent,discoura,1
Independent,discretionary,1
Independent,discussion,1
Independent,disease,1
Independent,disenfranchise,1
Independent,dispatch,1
Independent,disperse,1
Independent,dispossession,1
Independent,disproportionately,1
Independent,disregard,1
Independent,disrupt,1
Independent,disruption,1
Independent,distance,1
Independent,district,1
Independent,diversity,1
Independent,documentation,1
Independent,documentedkenya,1
Independent,donyiro,1
Independent,dozen,1
Independent,dream,1
Independent,drive,1
Independent,dub,1
Independent,earth,1
Independent,eaton,1
Independent,eberle,1
Independent,ecologist,1
Independent,ecology,1
Independent,economically,1
Independent,economy,1
Independent,education,1
Independent,effective,1
Independent,effectively,1
Independent,eightandahalf,1
Independent,emerge,1
Independent,empirical,1
Independent,empowerment,1
Independent,encompass,1
Independent,english,1
Independent,enhance,1
Independent,enjoy,1
Independent,entail,1
Independent,entanglement,1
Independent,enterprise,1
Independent,entitle,1
Independent,entity,1
Independent,entrench,1
Independent,entrepreneur,1
Independent,entry,1
Independent,environmentalinduced,1
Independent,envision,1
Independent,envoy,1
Independent,equally,1
Independent,equitable,1
Independent,equitably,1
Independent,erosion,1
Independent,erupt,1
Independent,essential,1
Independent,estimate,1
Independent,ethiopia,1
Independent,ethnically,1
Independent,ethnicity,1
Independent,evaluation,1
Independent,eventsat,1
Independent,eventually,1
Independent,excerpt,1
Independent,excessive,1
Independent,exclude,1
Independent,exemplify,1
Independent,exercise,1
Independent,exhibit,1
Independent,expectation,1
Independent,expensive,1
Independent,experience,1
Independent,expertise,1
Independent,explanation,1
Independent,explore,1
Independent,expose,1
Independent,external,1
Independent,extra,1
Independent,extrajudicial,1
Independent,eye,1
Independent,facility,1
Independent,factor,1
Independent,fall,1
Independent,farflung,1
Independent,farmer,1
Independent,fatality,1
Independent,fatten,1
Independent,fatuma,1
Independent,favor,1
Independent,favour,1
Independent,feature,1
Independent,fellow,1
Independent,festus,1
Independent,fiasco,1
Independent,fieldwork,1
Independent,final,1
Independent,finish,1
Independent,firstever,1
Independent,fix,1
Independent,flaw,1
Independent,flood,1
Independent,flow,1
Independent,fluctuation,1
Independent,fold,1
Independent,force,1
Independent,forcefully,1
Independent,foreign,1
Independent,foresee,1
Independent,forthcoming,1
Independent,foundonly,1
Independent,fpic,1
Independent,fragile,1
Independent,fraudulent,1
Independent,freely,1
Independent,frequency,1
Independent,friend,1
Independent,fuel,1
Independent,function,1
Independent,funnel,1
Independent,gap,1
Independent,gas,1
Independent,gather,1
Independent,gaze,1
Independent,genetic,1
Independent,genuine,1
Independent,geoffrey,1
Independent,geographically,1
Independent,ghost,1
Independent,ghs,1
Independent,globalisation,1
Independent,globalit,1
Independent,globalization,1
Independent,globalize,1
Independent,governmentsin,1
Independent,grasp,1
Independent,green,1
Independent,greenhouse,1
Independent,grouptwo,1
Independent,guard,1
Independent,guide,1
Independent,halkano,1
Independent,happen,1
Independent,hard,1
Independent,hardship,1
Independent,harsh,1
Independent,health,1
Independent,hectare,1
Independent,herdkeepers,1
Independent,hide,1
Independent,hierarchy,1
Independent,hill,1
Independent,holder,1
Independent,httpnrtcarbonprojectwordpresscom,1
Independent,httpnrtkenyaorg,1
Independent,huge,1
Independent,human,1
Independent,hundred,1
Independent,husband,1
Independent,husbandry,1
Independent,identify,1
Independent,identity,1
Independent,ignore,1
Independent,illegal,1
Independent,illustrate,1
Independent,importantly,1
Independent,inability,1
Independent,inaccurateincomplete,1
Independent,inadequate,1
Independent,incentivization,1
Independent,incentivizing,1
Independent,incident,1
Independent,incorporate,1
Independent,increasingly,1
Independent,incur,1
Independent,independence,1
Independent,indepth,1
Independent,indirectly,1
Independent,infer,1
Independent,inhabitant,1
Independent,initially,1
Independent,initiate,1
Independent,injure,1
Independent,innovative,1
Independent,insecurity,1
Independent,instance,1
Independent,institution,1
Independent,institutional,1
Independent,institutionalize,1
Independent,instruction,1
Independent,integral,1
Independent,intelligible,1
Independent,intensification,1
Independent,intercounty,1
Independent,interference,1
Independent,intersect,1
Independent,invest,1
Independent,investigate,1
Independent,irrespective,1
Independent,isnt,1
Independent,itthis,1
Independent,jointly,1
Independent,key,1
Independent,killer,1
Independent,killing,1
Independent,kiosk,1
Independent,kira,1
Independent,koricha,1
Independent,labor,1
Independent,laisamis,1
Independent,landexternal,1
Independent,landin,1
Independent,landuse,1
Independent,largescale,1
Independent,launch,1
Independent,leadership,1
Independent,leakage,1
Independent,lease,1
Independent,leaveosman,1
Independent,legacy,1
Independent,legality,1
Independent,legalize,1
Independent,legitimacy,1
Independent,legitimate,1
Independent,legitimization,1
Independent,legitimize,1
Independent,leichenko,1
Independent,liberalization,1
Independent,license,1
Independent,life,1
Independent,lift,1
Independent,list,1
Independent,livelihoodsat,1
Independent,loan,1
Independent,lobby,1
Independent,locate,1
Independent,lock,1
Independent,lohmann,1
Independent,lokale,1
Independent,lot,1
Independent,lowinterest,1
Independent,lucrative,1
Independent,lunchrokicha,1
Independent,majority,1
Independent,managementit,1
Independent,manipulation,1
Independent,manual,1
Independent,marginalize,1
Independent,materialize,1
Independent,mathenge,1
Independent,matter,1
Independent,maximum,1
Independent,meaningful,1
Independent,meaningfully,1
Independent,measure,1
Independent,meattrading,1
Independent,melee,1
Independent,membersof,1
Independent,membersthis,1
Independent,mention,1
Independent,merticherab,1
Independent,meta,1
Independent,methane,1
Independent,middle,1
Independent,middleman,1
Independent,migratory,1
Independent,militia,1
Independent,millionaire,1
Independent,mineral,1
Independent,mismanage,1
Independent,mismanagement,1
Independent,miss,1
Independent,mix,1
Independent,mkutu,1
Independent,mobilization,1
Independent,model,1
Independent,modify,1
Independent,monetary,1
Independent,morani,1
Independent,morans,1
Independent,mosul,1
Independent,motive,1
Independent,mourn,1
Independent,mudwalled,1
Independent,multiyear,1
Independent,nairobi,1
Independent,nairobis,1
Independent,nakuprat,1
Independent,naturebased,1
Independent,ndirangu,1
Independent,necessarily,1
Independent,negligence,1
Independent,neighbor,1
Independent,neocolonialism,1
Independent,nephew,1
Independent,nestle,1
Independent,net,1
Independent,ngeno,1
Independent,ngwesi,1
Independent,nominate,1
Independent,noncompliance,1
Independent,nongovernmental,1
Independent,nonliterate,1
Independent,nonprofit,1
Independent,normal,1
Independent,notify,1
Independent,november,1
Independent,nprs,1
Independent,nrtbranded,1
Independent,nrtissued,1
Independent,nrtprovided,1
Independent,nsca,1
Independent,oblige,1
Independent,obrien,1
Independent,office,1
Independent,officer,1
Independent,omoding,1
Independent,onbato,1
Independent,ongoing,1
Independent,opaquealthough,1
Independent,opportunity,1
Independent,opt,1
Independent,organisation,1
Independent,original,1
Independent,originally,1
Independent,originate,1
Independent,osmanfor,1
Independent,outright,1
Independent,outskirts,1
Independent,overarch,1
Independent,overinquisitive,1
Independent,overlook,1
Independent,oversight,1
Independent,owino,1
Independent,ownedsurvival,1
Independent,page,1
Independent,paint,1
Independent,paralegal,1
Independent,participatory,1
Independent,partly,1
Independent,pass,1
Independent,pastoralistsconclusion,1
Independent,patrol,1
Independent,pause,1
Independent,payroll,1
Independent,pearce,1
Independent,peel,1
Independent,percentage,1
Independent,perception,1
Independent,perennial,1
Independent,permanence,1
Independent,perpetuate,1
Independent,persistent,1
Independent,personal,1
Independent,petition,1
Independent,photographic,1
Independent,pinette,1
Independent,pioneer,1
Independent,pir,1
Independent,play,1
Independent,plentiful,1
Independent,polarization,1
Independent,politician,1
Independent,politicization,1
Independent,positively,1
Independent,postelection,1
Independent,potato,1
Independent,precisely,1
Independent,predominantly,1
Independent,prescribe,1
Independent,press,1
Independent,prevail,1
Independent,prevention,1
Independent,previously,1
Independent,primarily,1
Independent,prime,1
Independent,primitive,1
Independent,principal,1
Independent,probe,1
Independent,problematic,1
Independent,procedurally,1
Independent,proclaim,1
Independent,produce,1
Independent,profess,1
Independent,profitoriented,1
Independent,projecthas,1
Independent,prominently,1
Independent,promulgation,1
Independent,prone,1
Independent,proper,1
Independent,property,1
Independent,proximity,1
Independent,purchase,1
Independent,purport,1
Independent,purportedly,1
Independent,quality,1
Independent,query,1
Independent,quorum,1
Independent,rain,1
Independent,rainsin,1
Independent,rainy,1
Independent,raise,1
Independent,rancher,1
Independent,ranchesconservancies,1
Independent,range,1
Independent,rapidly,1
Independent,readily,1
Independent,readiness,1
Independent,reallocation,1
Independent,reap,1
Independent,recall,1
Independent,receipt,1
Independent,recipient,1
Independent,recommendation,1
Independent,reelect,1
Independent,reference,1
Independent,refuse,1
Independent,registeredthe,1
Independent,registry,1
Independent,regulate,1
Independent,reinforce,1
Independent,reinstate,1
Independent,release,1
Independent,reliable,1
Independent,reliance,1
Independent,reluctance,1
Independent,remoteness,1
Independent,repayment,1
Independent,replace,1
Independent,reposted,1
Independent,representation,1
Independent,requirement,1
Independent,researcher,1
Independent,resentment,1
Independent,resilience,1
Independent,resourcesharing,1
Independent,respondent,1
Independent,responsibility,1
Independent,responsible,1
Independent,restaurant,1
Independent,restock,1
Independent,retain,1
Independent,retire,1
Independent,reveal,1
Independent,revenge,1
Independent,reward,1
Independent,rhino,1
Independent,rifle,1
Independent,roam,1
Independent,robas,1
Independent,robsentu,1
Independent,root,1
Independent,round,1
Independent,rugged,1
Independent,rumor,1
Independent,run,1
Independent,rustlers,1
Independent,ruto,1
Independent,sad,1
Independent,saidfatuma,1
Independent,saidosman,1
Independent,saidsome,1
Independent,saidwhile,1
Independent,sanctuary,1
Independent,satisfy,1
Independent,saturday,1
Independent,scam,1
Independent,scan,1
Independent,scarce,1
Independent,scare,1
Independent,schilling,1
Independent,schlee,1
Independent,scholarship,1
Independent,school,1
Independent,scrap,1
Independent,search,1
Independent,season,1
Independent,secretary,1
Independent,seemingly,1
Independent,selfsufficiency,1
Independent,send,1
Independent,sensitize,1
Independent,separately,1
Independent,sereolipi,1
Independent,series,1
Independent,setup,1
Independent,severe,1
Independent,severely,1
Independent,shallow,1
Independent,sharamo,1
Independent,sheep,1
Independent,shibias,1
Independent,shift,1
Independent,shock,1
Independent,shoot,1
Independent,shop,1
Independent,siege,1
Independent,significance,1
Independent,significantly,1
Independent,similarly,1
Independent,simultaneous,1
Independent,situate,1
Independent,size,1
Independent,skeptical,1
Independent,socially,1
Independent,soilbased,1
Independent,solicitation,1
Independent,soontobe,1
Independent,speak,1
Independent,spearhead,1
Independent,specific,1
Independent,sponsor,1
Independent,spv,1
Independent,stablish,1
Independent,statedwe,1
Independent,statement,1
Independent,stay,1
Independent,step,1
Independent,stop,1
Independent,storage,1
Independent,straight,1
Independent,stretch,1
Independent,strike,1
Independent,study,1
Independent,subsequent,1
Independent,substantive,1
Independent,successfully,1
Independent,sufficient,1
Independent,suggest,1
Independent,suitable,1
Independent,sum,1
Independent,supplant,1
Independent,supposedly,1
Independent,supremacy,1
Independent,surge,1
Independent,suspend,1
Independent,suspicion,1
Independent,suwo,1
Independent,sweep,1
Independent,sweet,1
Independent,sword,1
Independent,systemic,1
Independent,systemnrt,1
Independent,tactic,1
Independent,takenthree,1
Independent,temporary,1
Independent,tension,1
Independent,thatthe,1
Independent,thecosts,1
Independent,theme,1
Independent,thereof,1
Independent,thin,1
Independent,thirteen,1
Independent,thorny,1
Independent,throw,1
Independent,tie,1
Independent,timely,1
Independent,tinroof,1
Independent,tone,1
Independent,top,1
Independent,topdown,1
Independent,totally,1
Independent,tragedy,1
Independent,train,1
Independent,transfer,1
Independent,transparent,1
Independent,treat,1
Independent,true,1
Independent,turkana,1
Independent,twenty,1
Independent,uganda,1
Independent,ultimately,1
Independent,unable,1
Independent,unaware,1
Independent,unconditional,1
Independent,unconvinced,1
Independent,underdevelopment,1
Independent,unequal,1
Independent,unequivocally,1
Independent,unevenly,1
Independent,unintended,1
Independent,unjust,1
Independent,unjustified,1
Independent,unmarried,1
Independent,unplanned,1
Independent,unprecedented,1
Independent,unregistered,1
Independent,unsuccessful,1
Independent,unusual,1
Independent,upfront,1
Independent,uphold,1
Independent,vague,1
Independent,validate,1
Independent,validatorverifier,1
Independent,valuethe,1
Independent,vehemently,1
Independent,vehiclesthe,1
Independent,vera,1
Independent,vermontbased,1
Independent,victory,1
Independent,viii,1
Independent,villagethe,1
Independent,vivid,1
Independent,voice,1
Independent,voluntary,1
Independent,vvb,1
Independent,wait,1
Independent,walk,1
Independent,waso,1
Independent,weakly,1
Independent,wealth,1
Independent,week,1
Independent,weeksthis,1
Independent,weight,1
Independent,weldemichel,1
Independent,wellbeing,1
Independent,wellgoverned,1
Independent,white,1
Independent,widely,1
Independent,wife,1
Independent,wild,1
Independent,william,1
Independent,witsenburg,1
Independent,woeful,1
Independent,workshop,1
Independent,write,1
official,achieve,1
official,add,1
official,additionally,1
official,address,1
official,administrative,1
official,agendum,1
official,analysis,1
official,announce,1
official,antagonistic,1
official,anticipation,1
official,anticipatory,1
official,appoint,1
official,appropriately,1
official,approximately,1
official,assess,1
official,assist,1
official,average,1
official,bad,1
official,basis,1
official,behalf,1
official,benefitsharing,1
official,bias,1
official,borana,1
official,bursary,1
official,busy,1
official,buy,1
official,calculation,1
official,capability,1
official,capable,1
official,capture,1
official,cash,1
official,ccbcm,1
official,central,1
official,characterize,1
official,circlescards,1
official,classify,1
official,coefficient,1
official,collection,1
official,comfortable,1
official,common,1
official,communitywide,1
official,comparatively,1
official,complete,1
official,conduit,1
official,confidential,1
official,conservancywide,1
official,conservation,1
official,consult,1
official,consultation,1
official,contact,1
official,convert,1
official,convey,1
official,core,1
official,correct,1
official,correspond,1
official,corroborate,1
official,count,1
official,crossconservancy,1
official,crucially,1
official,daily,1
official,december,1
official,degree,1
official,description,1
official,deviation,1
official,direct,1
official,disburse,1
official,discount,1
official,dissemination,1
official,documentation,1
official,donyiro,1
official,ear,1
official,eat,1
official,economics,1
official,egative,1
official,elevation,1
official,elite,1
official,emission,1
official,employable,1
official,encompass,1
official,encounter,1
official,engage,1
official,engagement,1
official,ensue,1
official,entire,1
official,envisage,1
official,evaluate,1
official,exist,1
official,expose,1
official,extensive,1
official,extensively,1
official,extent,1
official,extreme,1
official,feel,1
official,film,1
official,finalize,1
official,firstly,1
official,formally,1
official,fraction,1
official,frequent,1
official,glews,1
official,government,1
official,greatly,1
official,happen,1
official,hard,1
official,hcv,1
official,headofhousehold,1
official,imagery,1
official,incapable,1
official,incursion,1
official,indigenous,1
official,inform,1
official,interconservancy,1
official,international,1
official,introductory,1
official,investigate,1
official,invite,1
official,involvement,1
official,kiosk,1
official,knowledgeable,1
official,lack,1
official,launch,1
official,lead,1
official,life,1
official,list,1
official,locally,1
official,lose,1
official,louise,1
official,maasai,1
official,major,1
official,map,1
official,mcdermott,1
official,meat,1
official,medium,1
official,meibae,1
official,message,1
official,methane,1
official,methodology,1
official,middle,1
official,migration,1
official,modify,1
official,modis,1
official,monthly,1
official,multiply,1
official,namunyak,1
official,natural,1
official,ndvi,1
official,nepal,1
official,network,1
official,ngo,1
official,nonnormal,1
official,notice,1
official,november,1
official,nrtassisted,1
official,numeraire,1
official,numerous,1
official,obtain,1
official,octobernovember,1
official,onservancies,1
official,outcome,1
official,overlap,1
official,pasture,1
official,peace,1
official,person,1
official,personal,1
official,photograph,1
official,physical,1
official,pokot,1
official,presentation,1
official,processor,1
official,produce,1
official,projectrelated,1
official,proper,1
official,protection,1
official,provision,1
official,purpose,1
official,query,1
official,quiet,1
official,rainforest,1
official,random,1
official,range,1
official,reach,1
official,recognition,1
official,record,1
official,reflective,1
official,relation,1
official,rendillevillage,1
official,renew,1
official,repeat,1
official,representation,1
official,request,1
official,require,1
official,resample,1
official,reserve,1
official,resilience,1
official,resolution,1
official,respect,1
official,rest,1
official,return,1
official,reversal,1
official,reverse,1
official,revise,1
official,safe,1
official,samburu,1
official,satellitebased,1
official,schreckenberg,1
official,script,1
official,seek,1
official,selection,1
official,settlement,1
official,sftf,1
official,single,1
official,smallholderscommunity,1
official,socialization,1
official,socioeconomic,1
official,soft,1
official,solicit,1
official,sponsor,1
official,statistically,1
official,study,1
official,subdivide,1
official,subgroup,1
official,subsection,1
official,successfully,1
official,summarize,1
official,swiss,1
official,tendency,1
official,thankyou,1
official,theft,1
official,theme,1
official,thesis,1
official,threat,1
official,threestage,1
official,translation,1
official,travel,1
official,turkana,1
official,twelve,1
official,typical,1
official,underrepresen,1
official,unit,1
official,variation,1
official,venn,1
official,verify,1
official,vers,1
official,versa,1
official,vice,1
official,villagezonal,1
official,visibility,1
official,visually,1
official,westgate,1
official,whichever,1
official,widely,1
official,wrong,1
